{"cameraMode":{"drawMode":0,"name":"Shaded","section":"Shading Mode"},"sceneLighting":true,"audioPlay":false,"sceneViewState":{"m_AlwaysRefresh":false,"showFog":true,"showSkybox":false,"showFlares":true,"showImageEffects":true,"showParticleSystems":true,"showVisualEffectGraphs":true,"m_FxEnabled":true},"in2DMode":false,"pivot":{"x":3.9030449390411379,"y":78.86544799804688,"z":-2.007981061935425},"rotation":{"x":0.023603444918990136,"y":0.6915237307548523,"z":0.022608930245041848,"w":-0.7216290235519409},"size":1.2231507301330567,"orthographic":false}