{"cameraMode":{"drawMode":0,"name":"Shaded","section":"Shading Mode"},"sceneLighting":false,"audioPlay":false,"sceneViewState":{"m_AlwaysRefresh":false,"showFog":true,"showSkybox":false,"showFlares":true,"showImageEffects":true,"showParticleSystems":true,"showVisualEffectGraphs":true,"m_FxEnabled":true},"in2DMode":false,"pivot":{"x":-0.35946953296661379,"y":-9.405109405517579,"z":0.21436600387096406},"rotation":{"x":0.2703656852245331,"y":-0.02887752838432789,"z":0.008113193325698376,"w":0.9622939825057983},"size":0.7071068286895752,"orthographic":false}