{"cameraMode":{"drawMode":0,"name":"Shaded","section":"Shading Mode"},"sceneLighting":true,"audioPlay":false,"sceneViewState":{"m_AlwaysRefresh":false,"showFog":true,"showSkybox":false,"showFlares":true,"showImageEffects":true,"showParticleSystems":true,"showVisualEffectGraphs":true,"m_FxEnabled":true},"in2DMode":false,"pivot":{"x":10.275247573852539,"y":78.21395111083985,"z":-1.3529402017593384},"rotation":{"x":0.022260520607233049,"y":0.7001667022705078,"z":0.021840281784534456,"w":-0.7133130431175232},"size":1.5231506824493409,"orthographic":false}